<INSERT_TEMPLATE_INFO version="4.0" encoding="UTF-8">
	<TEMPLATE>
		<BODY_DETECTION image_index="0" mask_name="figure_0" version="2" />
		<DRESS_DETECTION image_index="1" mask_name="dress_1" />
		<DRESS_DETECTION image_index="0" mask_name="dress_0" />
		<BASIS>frame0_basis_0_uv.png</BASIS>
		<INSERTIMAGE id="0" layout="crop" comment="Copy of &quot;User image: SQ Область Вписывания (Класть фото сюда)2[uv] &quot; for FIGURE mask" output_dynamic_mask="frame_0_dmask_figure_out_uv_2" blending="screen" ratio="0.75" image_index="0" opacity="0">
			<methods_list>
				<method order="1">
					<name>masks_control</name>
					<params>src_mask=figure_0;erode_size=-0.1;smooth_radius=0.3;do_invert_mask=0;mix_mode=set;use_percent_values=TRUE;do_crop_mask=FALSE</params>
				</method>
			</methods_list>
			<POINTS>
				<TOPLEFT x_percents="0" y_percents="0" />
				<TOPRIGHT x_percents="1" y_percents="0" />
				<BOTTOMLEFT x_percents="0" y_percents="1" />
				<BOTTOMRIGHT x_percents="1" y_percents="1" />
			</POINTS>
		</INSERTIMAGE>
		<INSERTIMAGE id="1" layout="crop" comment="Copy of &quot;User image: SQ Область Вписывания (Класть фото сюда) 1 [uv] &quot; for DRESS mask" output_dynamic_mask="frame_0_dmask_dress_out_uv_0" ratio="0.75" image_index="1" opacity="0">
			<methods_list>
				<method order="1">
					<name>masks_control</name>
					<params>src_mask=dress_1;erode_size=-1;smooth_radius=0.3;do_invert_mask=0;mix_mode=set;use_percent_values=TRUE;do_crop_mask=FALSE</params>
				</method>
			</methods_list>
			<POINTS>
				<TOPLEFT x_percents="0" y_percents="0" />
				<TOPRIGHT x_percents="1" y_percents="0" />
				<BOTTOMLEFT x_percents="0" y_percents="1" />
				<BOTTOMRIGHT x_percents="1" y_percents="1" />
			</POINTS>
		</INSERTIMAGE>
		<INSERTIMAGE id="2" layout="crop" comment="Copy of &quot;User image: SQ Область Вписывания (Класть фото сюда)2[uv] &quot; for DRESS mask" output_dynamic_mask="frame_0_dmask_dress_out_uv_1" blending="screen" ratio="0.75" image_index="0" opacity="0">
			<methods_list>
				<method order="1">
					<name>masks_control</name>
					<params>src_mask=dress_0;erode_size=-1;smooth_radius=0.3;do_invert_mask=0;mix_mode=set;use_percent_values=TRUE;do_crop_mask=FALSE</params>
				</method>
			</methods_list>
			<POINTS>
				<TOPLEFT x_percents="0" y_percents="0" />
				<TOPRIGHT x_percents="1" y_percents="0" />
				<BOTTOMLEFT x_percents="0" y_percents="1" />
				<BOTTOMRIGHT x_percents="1" y_percents="1" />
			</POINTS>
		</INSERTIMAGE>
		<INSERTIMAGE id="3" layout="crop" comment="User image: SQ Область Вписывания (Класть фото сюда) 1 [uv] " input_dynamic_mask="!frame_0_dmask_dress_out_uv_0" ratio="0.75" image_index="1">
			<methods_list>
				<method order="1">
					<name>masks_control</name>
					<params>mix_mode=cls</params>
				</method>
			</methods_list>
			<POINTS>
				<TOPLEFT x_percents="0" y_percents="0" />
				<TOPRIGHT x_percents="1" y_percents="0" />
				<BOTTOMLEFT x_percents="0" y_percents="1" />
				<BOTTOMRIGHT x_percents="1" y_percents="1" />
			</POINTS>
		</INSERTIMAGE>
		<INSERTIMAGE id="4" layout="crop" comment="User image: SQ Область Вписывания (Класть фото сюда) [uv]" input_dynamic_mask="frame_0_dmask_figure_out_uv_2-frame_0_dmask_dress_out_uv_1" ratio="0.75" image_index="0">
			<methods_list>
				<method order="1">
					<name>masks_control</name>
					<params>mix_mode=cls</params>
				</method>
			</methods_list>
			<POINTS>
				<TOPLEFT x_percents="0" y_percents="0" />
				<TOPRIGHT x_percents="1" y_percents="0" />
				<BOTTOMLEFT x_percents="0" y_percents="1" />
				<BOTTOMRIGHT x_percents="1" y_percents="1" />
			</POINTS>
		</INSERTIMAGE>
		<INSERTIMAGE id="5" layout="crop" comment="User image: SQ Область Вписывания (Класть фото сюда)2[uv] " blending="screen" input_dynamic_mask="frame_0_dmask_dress_out_uv_1" ratio="0.75" image_index="0">
			<methods_list>
				<method order="1">
					<name>masks_control</name>
					<params>mix_mode=cls</params>
				</method>
				<method order="2">
					<name>edge_detection_gpu</name>
					<params>exponent=1</params>
				</method>
				<method order="3">
					<name>blended_filter</name>
					<params>plugin=(adjustments:exposure=0;brightness=3;contrast=13;saturation=0;gamma=1;use_hsv=FALSE);opacity=1</params>
				</method>
			</methods_list>
			<POINTS>
				<TOPLEFT x_percents="0" y_percents="0" />
				<TOPRIGHT x_percents="1" y_percents="0" />
				<BOTTOMLEFT x_percents="0" y_percents="1" />
				<BOTTOMRIGHT x_percents="1" y_percents="1" />
			</POINTS>
		</INSERTIMAGE>
		<AUTO_RESIZE min_size="200" image_index="0" />
	</TEMPLATE>
</INSERT_TEMPLATE_INFO>